{
  "ControlTypeList": [
    {"value": 100, "title": "多行文本框"},
    {"value": 101, "title": "单行文本框"},
    {"value": 102, "title": "密码框"},
    {"value": 103, "title": "电话"},
    {"value": 104, "title": "电子邮件"}, 
    {"value": 105, "title": "url"}, 
    {"value": 106, "title": "搜索"},
    {"value": 107, "title": "当前登录人"},
    {"value": 120, "title": "富文本编辑器"}, 
    {"value": 131, "title": "数字"},
    {"value": 132, "title": "滑块"},
    {"value": 140, "title": "日期"},
    {"value": 141, "title": "日期时间"},
    {"value": 142, "title": "时间"},
    {"value": 143, "title": "年月"},
    {"value": 144, "title": "年周"},
    {"value": 150, "title": "上传文件"},
    {"value": 151, "title": "上传图片"},
    {"value": 160, "title": "颜色"},
    {"value": 170, "title": "弹窗选择记录"},
    {"value": 180, "title": "勾选"},
    {"value": 182, "title": "多选组"},
    {"value": 183, "title": "单选组"},
    {"value": 190, "title": "下拉列表框"},
    {"value": 191, "title": "列表框"},
    {"value": 192, "title": "联动下拉列表框"}
  ],
  "FindControlTypeList": [
    {"value": 101, "title": "单行文本框"},
    {"value": 106, "title": "搜索"},
    {"value": 131, "title": "数字"},
    {"value": 140, "title": "日期"},
    {"value": 141, "title": "日期时间"},
    {"value": 142, "title": "时间"},
    {"value": 143, "title": "年月"},
    {"value": 144, "title": "年周"},
    {"value": 182, "title": "多选组"},
    {"value": 183, "title": "单选组"},
    {"value": 190, "title": "下拉列表框"},
    {"value": 191, "title": "列表框"},
    {"value": 192, "title": "联动下拉列表框"}
  ],
  "ColumnTypeList": [
    {"value": "INT", "title": "int"},
    {"value": "BIGINT", "title": "bigint"},
    {"value": "FLOAT", "title": "float"},
    {"value": "DOUBLE", "title": "double"},
    {"value": "DECIMAL", "title": "decimal"},
    {"value": "VARCHAR", "title": "varchar"}, 
    {"value": "CHAR", "title": "char"},
    {"value": "BLOB", "title": "blob"},
    {"value": "TEXT", "title": "text"},
    {"value": "LONGTEXT", "title": "longtext"},
    {"value": "DATE", "title": "date"},
    {"value": "DATETIME", "title": "datetime"},
    {"value": "TIME", "title": "time"},
    {"value": "YEAR", "title": "year"},
    {"value": "TIMESTAMP", "title": "timestamp"},
    {"value": "BIT", "title": "bit"}
  ],
  "ColumnFindList": [
    {"value": "INT", "title": [411,412,413,414,415,431,434]},
    {"value": "BIGINT", "title":  [411,412,413,414,415,431,434]},
    {"value": "FLOAT", "title":  [411,412,413,414,415,431,434]},
    {"value": "DOUBLE", "title":  [411,412,413,414,415,431,434]},
    {"value": "DECIMAL", "title":  [411,412,413,414,415,431,434]},
    {"value": "VARCHAR", "title": [401,402,403,404,405,406]}, 
    {"value": "CHAR", "title": [401,402,403,404,405,406]},
    {"value": "BLOB", "title": [401,402,403,404,405,406]},
    {"value": "TEXT", "title": [401,402,403,404,405,406]},
    {"value": "LONGTEXT", "title": [401,402,403,404,405,406]},
    {"value": "DATE", "title": [421,422,423,432]},
    {"value": "DATETIME", "title": [421,422,423,432]},
    {"value": "TIME", "title": [421,422,423,432]},
    {"value": "YEAR", "title": [421,422,423,432]},
    {"value": "TIMESTAMP", "title": [421,422,423,432]},
    {"value": "BIT", "title": [411]}
  ]
}