{
  "platFindMeta": {
      "101": {  
        "controlId": 101,
        "colName": "controlId",
        "controlType": 131,
        "isClear": false,
        "defaultValue": "",
        "autofocus": false,
        "disabled": true,
        "required": true,
        "readonly": true,
        "pattern": "",
        "class": "ant-input ant-input-sm",
        "placeholder": "请输入",
        "title": "组件编号",
        "autocomplete": "on",
        "min": "0",
        "max": "9999999",
        "step": "1"
      },
      "102": {  
        "controlId": 102,
        "colName": "colName",
        "controlType": 101,
        "isClear": false,
        "defaultValue": "",
        "autofocus": false,
        "disabled": false,
        "required": true,
        "readonly": true,
        "pattern": "",
        "class": "ant-input ant-input-sm",
        "placeholder": "请输入",
        "title": "字段名称",
        "autocomplete": "on",
        "size": 20,
        "maxlength": 100
      },
      "103": {  
        "controlId": 103,
        "colName": "controlType",
        "controlType": 190,
        "optionList":[],
        "isClear": false,
        "disabled": false,
        "required": true,
        "pattern": "",
        "class": "ant-input ant-input-sm",
        "title": "组件类型",
        "placeholder": "请输入",
        "readonly": false
      },
      "113": {  
        "controlId": 113,
        "colName": "title",
        "controlType": 101,
        "isClear": false,
        "defaultValue": "",
        "autofocus": false,
        "disabled": false,
        "required": true,
        "readonly": false,
        "pattern": "",
        "class": "ant-input ant-input-sm",
        "placeholder": "请输入",
        "title": "浮动提示",
        "autocomplete": "on",
        "size": 20,
        "maxlength": 100
      },
      "114": {  
        "controlId": 114,
        "colName": "autocomplete",
        "controlType": 183,
        "isClear": false,
        "class": "",
        "title": "",
        "autocomplete": "on",
        "optionList": [{
          "value": "on",
          "title": "打开"
          },
          {
            "value": "off",
            "title": "关闭"
          }]
      },
      "115": {  
        "controlId": 111,
        "colName": "size",
        "controlType": 131,
        "isClear": false,
        "defaultValue": "",
        "disabled": false,
        "required": true,
        "readonly": false,
        "class": "ant-input ant-input-sm",
        "min": "1",
        "max": "100",
        "step": "1",
        "placeholder": "请输入",
        "title": "字符宽度",
        "autocomplete": "on"
      },
      "116": {  
        "controlId": 116,
        "colName": "maxlength",
        "controlType": 131,
        "isClear": false,
        "defaultValue": "",
        "disabled": false,
        "required": true,
        "readonly": false,
        "class": "ant-input ant-input-sm",
        "min": "1",
        "max": "100",
        "step": "1",
        "placeholder": "请输入",
        "title": "最大字符数",
        "autocomplete": "on"
      },
      "117": {  
        "controlId": 117,
        "colName": "min",
        "controlType": 131,
        "isClear": false,
        "defaultValue": "",
        "disabled": false,
        "required": true,
        "readonly": false,
        "class": "ant-input ant-input-sm",
        "min": "1",
        "max": "100",
        "step": "1",
        "placeholder": "请输入",
        "title": "最小值",
        "autocomplete": "on"
      },
      "118": {  
        "controlId": 118,
        "colName": "max",
        "controlType": 131,
        "isClear": false,
        "defaultValue": "",
        "disabled": false,
        "required": true,
        "readonly": false,
        "class": "ant-input ant-input-sm",
        "min": "1",
        "max": "999999",
        "step": "1",
        "placeholder": "请输入",
        "title": "最大值",
        "autocomplete": "on"
      },
      "119": {  
        "controlId": 119,
        "colName": "step",
        "controlType": 131,
        "isClear": false,
        "defaultValue": "",
        "disabled": false,
        "required": true,
        "readonly": false,
        "class": "ant-input ant-input-sm",
        "min": "1",
        "max": "100",
        "step": "1",
        "placeholder": "请输入",
        "title": "步长",
        "autocomplete": "on"
      },
      "122": {  
        "controlId": 122,
        "colName": "optionKey",
        "controlType": 101,
        "isClear": false,
        "defaultValue": "",
        "autofocus": false,
        "disabled": false,
        "required": true,
        "readonly": false,
        "pattern": "",
        "class": "ant-input ant-input-sm",
        "placeholder": "请输入",
        "title": "备选标识",
        "autocomplete": "on",
        "size": 20,
        "maxlength": 100
      },
      "123": {  
        "controlId": 123,
        "colName": "optionList",
        "controlType": 200,
        "isClear": false,
        "defaultValue": "",
        "autofocus": false,
        "disabled": false,
        "required": true,
        "readonly": false,
        "pattern": "",
        "class": "ant-input ant-input-sm",
        "placeholder": "请输入",
        "title": "备选项",
        "autocomplete": "on",
        "size": 20,
        "maxlength": 100
      },
      "200": {
        "controlId": 200,
        "colName": "findKind",
        "controlType": 182,
        "title": "",
        "optionList": [
          { "value": 401, "title": "= 字符串" },
          { "value": 402, "title": "!=不等于" },
          { "value": 403, "title": "包含" },
          { "value": 404, "title": "不包含" },
          { "value": 405, "title": "起始于" },
          { "value": 406, "title": "结束于" },
          { "value": 411, "title": "= 数字" },
          { "value": 412, "title": "> 数字" },
          { "value": 413, "title": ">= 数字" },
          { "value": 414, "title": "< 数字" },
          { "value": 415, "title": "<= 数字" },
          { "value": 421, "title": "= 日期" },
          { "value": 422, "title": "< 日期" },
          { "value": 423, "title": "> 日期" },
          { "value": 431, "title": "数字区间" },
          { "value": 432, "title": "日期区间" },
          { "value": 433, "title": "in 字符串" },
          { "value": 434, "title": "in 数字" }
        ]
      },
      "201": {  
        "controlId": 201,
        "colName": "tdCount",
        "controlType": 132,
        "isClear": false,
        "defaultValue": "1",
        "disabled": false,
        "required": true,
        "readonly": false,
        "class": "ant-input ant-input-sm",
        "min": "1",
        "max": "11",
        "step": "2",
        "placeholder": "请输入",
        "title": "占用几个td",
        "autocomplete": "on"
      }
  },
  "trList": [101],
  "type": {
    "101":[101, 102, 103, 113, 114, 115, 116, 122, 123, 200, 201],
    "106":[101, 102, 103, 113, 114, 115, 116, 122, 123, 200, 201],
    "131":[101, 102, 103, 113, 117, 118, 119, 200, 201],
    "140":[101, 102, 103, 113, 117, 118, 119, 200, 201],
    "141":[101, 102, 103, 113, 117, 118, 119, 200, 201],
    "142":[101, 102, 103, 113, 117, 118, 119, 200, 201],
    "143":[101, 102, 103, 113, 117, 118, 119, 200, 201],
    "144":[101, 102, 103, 113, 117, 118, 119, 200, 201],
    "182":[101, 102, 103, 118, 123, 200, 201],
    "183":[101, 102, 103, 123, 200, 201],
    "190":[101, 102, 103, 123, 200, 201],
    "191":[101, 102, 103, 118, 123, 200, 201],
    "192":[101, 102, 103, 200, 201]
  },
  "numberList": [101]
}

