{
    "columnMeta": {
        "101": {  
          "controlId": 201,
          "colName": "colName",
          "controlType": 106,
          "isClear": false,
          "defaultValue": "",
          "autofocus": false,
          "disabled": false,
          "required": true,
          "readonly": false,
          "pattern": "",
          "class": "ant-input ant-input-sm",
          "placeholder": "字段名",
          "title": "字段名",
          "autocomplete": "on",
          "size": 18,
          "maxlength": 100
        },
        "102": {  
          "controlId": 202,
          "colName": "cnName",
          "controlType": 106,
          "isClear": false,
          "defaultValue": "",
          "autofocus": false,
          "disabled": false,
          "required": true,
          "readonly": false,
          "pattern": "",
          "class": "ant-input ant-input-sm",
          "placeholder": "中文名",
          "title": "中文名",
          "autocomplete": "on",
          "size": 18,
          "maxlength": 100
        },
        "103": {  
          "controlId": 203,
          "colName": "colType",
          "controlType": 106,
          "optionList":[],
          "isClear": false,
          "disabled": false,
          "required": true,
          "pattern": "",
          "title": "字段类型",
          "class": "ant-input ant-input-sm",
          "placeholder": "请输入控件类型",
          "readonly": false,
          "size": 10,
          "optionKey": "colType"
        },
        "104": {  
          "controlId": 204,
          "colName": "colSize",
          "controlType": 106,
          "isClear": false,
          "title": "字段大小",
          "placeholder": "字段大小",
          "class": "ant-input ant-input-sm",
          "autocomplete": "on",
          "size":1,
          "min": 1,
          "max": 4000,
          "step": 1,
          "optionKey": "colSize",
          "optionList": [
            { "value": "1","title": "1"},
            { "value": "4","title": "4"},
            { "value": "8","title": "8"},
            { "value": "16","title": "16"},
            { "value": "100","title": "100"},
            { "value": "255","title": "255"}
          ]
        },
        "105": {  
          "controlId": 205,
          "colName": "defaultValue",
          "controlType": 106,
          "isClear": false,
          "defaultValue": "",
          "autofocus": false,
          "disabled": false,
          "required": true,
          "readonly": false,
          "pattern": "",
          "class": "ant-input ant-input-sm",
          "placeholder": "请输入默认值",
          "title": "请输入默认值",
          "autocomplete": "on",
          "size": 10,
          "maxlength": 100,
          "optionKey": "defaultValue",
          "optionList": [
            { "value": "1","title": "时间戳"},
            { "value": "4","title": "自增"},
            { "value": "8","title": "empty"},
            { "value": "16","title": "1"},
            { "value": "100","title": "0"},
            { "value": "255","title": "当前日期"},
            { "value": "255","title": "当前日期时间"},
            { "value": "255","title": "当前时间"}
          ]
        },
        "106": {  
          "controlId": 206,
          "colName": "isNull",
          "controlType": 180,
          "isClear": false,
          "title": "",
          "optionList": [{
            "value": 1,
            "title": ""
          }]
        },
        "107": {  
          "controlId": 207,
          "colName": "controlType",
          "controlType": 190,
          "optionList":[],
          "isClear": false,
          "disabled": false,
          "required": true,
          "pattern": "",
          "title": "控件类型",
          "placeholder": "请输入控件类型",
          "readonly": false
        },
        "108": {  
          "controlId": 208,
          "colName": "description",
          "controlType": 100,
          "isClear": false,
          "defaultValue": "",
          "autofocus": false,
          "disabled": false,
          "required": true,
          "readonly": false,
          "pattern": "",
          "class": "ant-input ant-input-sm",
          "placeholder": "说明",
          "title": "说明",
          "autocomplete": "on",
          "rows": 1,
          "cols": 50, 
          "maxlength": 100
        }
    },
    "tableMeta": {
      "101": {  
        "controlId": 601,
        "colName": "tableID",
        "controlType": 131,
        "isClear": false,
        "defaultValue": "1000",
        "autofocus": false,
        "disabled": false,
        "required": true,
        "readonly": false,
        "pattern": "",
        "class": "ant-input ant-input-sm",
        "placeholder": "字段名",
        "title": "字段名",
        "autocomplete": "on",
        "size": 18,
        "min": 1000,
        "max": 99999,
        "step": 1,
        "maxlength": 100
      },
      "102": {  
        "controlId": 602,
        "colName": "tableName",
        "controlType": 106,
        "isClear": false,
        "defaultValue": "",
        "autofocus": false,
        "disabled": false,
        "required": true,
        "readonly": false,
        "pattern": "",
        "class": "ant-input ant-input-sm",
        "placeholder": "字段名",
        "title": "字段名",
        "autocomplete": "on",
        "size": 18,
        "maxlength": 100
      },
      "103": {  
        "controlId": 603,
        "colName": "description",
        "controlType": 100,
        "isClear": false,
        "defaultValue": "",
        "autofocus": false,
        "disabled": false,
        "required": true,
        "readonly": false,
        "pattern": "",
        "class": "ant-input ant-input-sm",
        "placeholder": "字段名",
        "title": "字段名",
        "autocomplete": "on",
        "rows": 4,
        "cols": 50, 
        "maxlength": 100
      },
      "104": {  
        "controlId": 604,
        "colName": "tableID",
        "controlType": 131,
        "isClear": false,
        "defaultValue": "1000",
        "autofocus": false,
        "disabled": false,
        "required": true,
        "readonly": false,
        "pattern": "",
        "class": "ant-input ant-input-sm",
        "placeholder": "字段数量",
        "title": "字段数量",
        "autocomplete": "on",
        "size": 18,
        "min": 1,
        "max": 256,
        "step": 1,
        "maxlength": 100
      }
    },
    "numberList": [101]
}

