{
    "companyFind":{
      "findMeta":{
        "quickFind":[],
        "allFind":[],
        "colCount":4,
        "customer":[{
          "name":"",
          "item":[]
        }]
      },
      "findItem":{
        "1000":{
            "controlId": 1000,
            "colName": "companyName",
            "controlType": 101,
            "class": "",
            "placeholder": "请输入公司名称",
            "title": "公司名称",
            "size": 10,
            "maxlength": 100,
            "optionList": [],
            "findKind":"402",
            "tdCount":1
        },
        "1001":{
            "controlId": 1001,
            "colName": "companyCode",
            "controlType": 131,
            "class": "",
            "placeholder": "公司邮编",
            "title": "公司邮编",
            "min": 100000,
            "max": 999999,
            "step": 1,
            "maxlength": 6,
            "optionList": [] ,
            "findKind":"401"
        },
        "1002":{
            "controlId": 1002,
            "colName": "legalPerson",
            "controlType": 101,
            "class": "",
            "placeholder": "请输入法人姓名",
            "title": "法人",
            "autocomplete": "on",
            "size": 10,
            "maxlength": 50,
            "optionList": [] ,
            "findKind":"403"
        },
        "1003":{
            "controlId": 1003,
            "colName": "liaisonMan",
            "controlType": 101,
            "class": "",
            "placeholder": "请输入联系人姓名",
            "title": "联系人",
            "size": 10,
            "maxlength": 50,
            "optionList": [],
            "findKind":"404"
        },
        "1004": {
          "controlId": "1004",
          "colName": "address",
          "controlType": 101,
          "class": "",
          "placeholder": "请输入公司地址",
          "title": "公司地址",
          "size": 10,
          "maxlength": 50,
          "optionKey": "",
          "optionList": [],
          "findKind":"405"
        },
        "1005": {
          "controlId": "1005",
          "colName": "telphone",
          "controlType": 103,
          "placeholder": "请输入公司电话",
          "title": "公司电话",
          "size": 10,
          "maxlength": 50,
          "optionKey": "",
          "optionList": [],
          "findKind":"401,402"
        },
        "1006": {
          "controlId": "1006",
          "colName": "URL",
          "controlType": 105,
          "class": "",
          "placeholder": "https://www.",
          "title": "公司网址",
          "autocomplete": "on",
          "size": 10,
          "maxlength": 50,
          "optionKey": "",
          "optionList": [],
          "findKind":"401,402"
        },
        "1007": {
          "controlId": "1007",
          "colName": "Email",
          "controlType": 104,
          "class": "",
          "placeholder": "@",
          "title": "公司邮件",
          "size": 10,
          "maxlength": 50,
          "optionKey": "",
          "optionList": [],
          "findKind":"402"
        },
        "1008": {
          "controlId": 1008,
          "colName": "type",
          "title": "公司类型",
          "controlType": 190,
          "class": "",
          "optionList": [
            { "value": 1, "title": "有限责任公司" },
            { "value": 2, "title": "股份有限责任公司" },
            { "value": 3, "title": "个人独资企业" },
            { "value": 4, "title": "合伙企业" },
            { "value": 5, "title": "个体工商户" }
          ],
          "findKind":"401"
        },
        "1009": {
          "controlId": 1009,
          "colName": "createDate",
          "controlType": 140,
          "class": "",
          "title": "成立日期",
          "min": "1950-01-01",
          "max": "2999-12-31",
          "step": 1,
          "findKind":"423"
        }
      }
    },
    "personForm":{
        "2000":{
            "controlId": 100,
            "colName": "personId",
            "controlType": 101,
            "class": "",
            "placeholder": "请输入",
            "title": "工号",
            "size": 10,
            "maxlength": 10,
            "optionList": [] 
        },
        "2001":{
            "controlId": "2001",
            "colName": "personName",
            "controlType": 101,
            "isClear": true,
            "disabled": false,
            "required": true,
            "readonly": false,
            "pattern": "",
            "class": "",
            "placeholder": "请输入员工姓名",
            "title": "姓名",
            "autocomplete": "on",
            "size": 10,
            "maxlength": "50" 
        },
        "2002": {
            "controlId": 2002,
            "colName": "Gender",
            "controlType": 183,
            "isClear": true,
            "disabled": false,
            "required": true,
            "readonly": false,
            "pattern": "",
            "class": "",
            "title": "性别",
            "optionList": [
              { "value": "男", "title": "男" },
              { "value": "女", "title": "女" }
            ] 
        },
        "2003":{
            "controlId": "2012",
            "colName": "nation",
            "controlType": 106,
            "isClear": true,
            "disabled": false,
            "required": true,
            "readonly": false,
            "pattern": "",
            "class": "",
            "placeholder": "请输入员工姓名",
            "title": "民族",
            "optionKey": "minzu",
            "optionList": [
                { "value": 1, "title": "汉" },
                { "value": 2, "title": "蒙古" },
                { "value": 3, "title": "满族" },
                { "value": 4, "title": "回族" },
                { "value": 5, "title": "朝鲜" }
            ]
        },
        "2012":{
            "controlId": "2012",
            "colName": "education",
            "controlType": 190,
            "isClear": true,
            "disabled": false,
            "required": true,
            "readonly": false,
            "pattern": "",
            "class": "",
            "placeholder": "",
            "title": "学历",
            "optionList": [
                { "value": 1, "title": "高中" },
                { "value": 2, "title": "大专" },
                { "value": 3, "title": "本科" },
                { "value": 4, "title": "硕士" },
                { "value": 5, "title": "博士" }
            ]
        },
        "2030":{
            "controlId": 100,
            "colName": "hobby",
            "controlType": 182,
            "isClear": true,
            "disabled": false,
            "required": true,
            "readonly": false,
            "pattern": "",
            "class": "",
            "title": "爱好",
            "optionList": [
              { "value": 1, "title": "篮球" },
              { "value": 2, "title": "足球" },
              { "value": 3, "title": "排球" }
            ] 
        }
    }
}